Searched Term,Title,Company,Link
java,Senior Web Designer,Simple Thread,https://weworkremotely.com/remote-jobs/simple-thread-senior-web-designer
java,Android Developer,Numrah,https://weworkremotely.com/remote-jobs/numrah-android-developer-1
java,Back End Engineer,Chili Piper,https://weworkremotely.com/remote-jobs/chili-piper-back-end-engineer
java,Full Stack Engineer,JadeMind GmbH,https://weworkremotely.com/remote-jobs/jademind-gmbh-full-stack-engineer
java,"Freelance Java Developer â€“ Remote, Full-time",Toptal,https://weworkremotely.com/remote-jobs/toptal-freelance-java-developer-remote-full-time
java,Front-End Developer: The Perfect Job,iPhone Photography School,https://weworkremotely.com/remote-jobs/iphone-photography-school-front-end-developer-the-perfect-job-1
java,senior security engineer [rails experience required],Aha!,https://weworkremotely.com/remote-jobs/aha-senior-security-engineer-rails-experience-required
java,Backend Engineer (Ruby on Rails),jobandtalent,https://weworkremotely.com/remote-jobs/jobandtalent-backend-engineer-ruby-on-rails
java,Frontend Engineer (ES8/React/Redux/Saga),Files.com,https://weworkremotely.com/remote-jobs/files-com-frontend-engineer-es8-react-redux-saga
java,"Node.js Lead Engineer :GraphQL, PostgreSQL (Freelance)",Contra,https://weworkremotely.com/remote-jobs/contra-node-js-lead-engineer-graphql-postgresql-freelance
java,"Sr. Software Engineer, across a wide array of tech stacks, 100% Remote","Infinity Software Development, Inc.",https://weworkremotely.com/remote-jobs/infinity-software-development-inc-sr-software-engineer-across-a-wide-array-of-tech-stacks-100-9
java,Lead Engineer (WordPress),WebDevStudios,https://weworkremotely.com/remote-jobs/webdevstudios-lead-engineer-wordpress
java,Web Developer (Mid-Level),Floodlight Design LLC,https://weworkremotely.com/remote-jobs/floodlight-design-llc-web-developer-mid-level
java,Superstar Full-Stack Developer /// Your Work Will Be Seen By Millions,Country Rebel,https://weworkremotely.com/remote-jobs/country-rebel-superstar-full-stack-developer-your-work-will-be-seen-by-millions
java,"Open Source Developer & DevOps (Python, Django, AWS, OpenStack)",OpenCraft,https://weworkremotely.com/remote-jobs/opencraft-open-source-developer-devops-python-django-aws-openstack-7
java,NativeScript Developer,ReKTGlobal,https://weworkremotely.com/remote-jobs/rektglobal-nativescript-developer
java,QA Engineer,Chili Piper,https://weworkremotely.com/remote-jobs/chili-piper-qa-engineer
java,Lead Software Engineer,Awesome Table,https://weworkremotely.com/remote-jobs/awesome-table-lead-software-engineer
java,Director of Engineering Operations,Awesome Table,https://weworkremotely.com/remote-jobs/awesome-table-director-of-engineering-operations
java,Senior Fullstack Engineer (ï¾‰â—•ãƒ®â—•)ï¾‰*:ãƒ»ï¾Ÿâœ§,RebelMouse,https://weworkremotely.com/remote-jobs/rebelmouse-senior-fullstack-engineer
java,Front End Web Developer ~ Virtual Office,KBMax,https://weworkremotely.com/remote-jobs/kbmax-front-end-web-developer-virtual-office
java,Remote Contract React Native Engineer,G2i Inc.,https://weworkremotely.com/remote-jobs/g2i-inc-remote-contract-react-native-engineer-6
java,Senior Software Engineer - Mobile,Good Eggs,https://weworkremotely.com/remote-jobs/good-eggs-senior-software-engineer-mobile
java,senior security engineer with ruby on rails experience,Aha!,https://weworkremotely.com/remote-jobs/aha-senior-security-engineer-with-ruby-on-rails-experience
java,Ruby on Rails Developer,PipelineDeals,https://weworkremotely.com/remote-jobs/pipelinedeals-ruby-on-rails-developer
java,Developer Senior Server/Cloud,DEON,https://weworkremotely.com/remote-jobs/deon-developer-senior-server-cloud
java,Senior Software Developer,Qualio,https://weworkremotely.com/remote-jobs/qualio-senior-software-developer
java,React UI Software Engineer (U.S. remote OK),LocusLabs,https://weworkremotely.com/remote-jobs/locuslabs-react-ui-software-engineer-u-s-remote-ok
java,Senior Scala Engineer,Mokriya Inc,https://weworkremotely.com/remote-jobs/mokriya-inc-senior-scala-engineer-1
java,"Open Source Developer & DevOps (Python, Django, AWS, OpenStack)",OpenCraft,https://weworkremotely.com/remote-jobs/opencraft-open-source-developer-devops-python-django-aws-openstack-8
java,Software Engineer,Urbantz,https://weworkremotely.com/remote-jobs/urbantz-software-engineer
java,Humbly Confident Senior Android Developer,You Need A Budget (YNAB),https://weworkremotely.com/remote-jobs/you-need-a-budget-ynab-humbly-confident-senior-android-developer
java,"Awesome Senior 3D Software Engineers (UnrealEngine, WebGL, and more)",4D Pipeline,https://weworkremotely.com/remote-jobs/4d-pipeline-awesome-senior-3d-software-engineers-unrealengine-webgl-and-more-1
java,Front End Engineer,Chili Piper,https://weworkremotely.com/remote-jobs/chili-piper-front-end-engineer
java,Senior Backend Engineer,Knack,https://weworkremotely.com/remote-jobs/knack-senior-backend-engineer-1
java,Sr. Security Engineer with Ruby on Rails experience,Aha!,https://weworkremotely.com/remote-jobs/aha-sr-security-engineer-with-ruby-on-rails-experience
java,JavaScript Software Engineer (Map Applications),LocusLabs,https://weworkremotely.com/remote-jobs/locuslabs-javascript-software-engineer-map-applications
java,Full Stack PHP Developer,SpinupWP,https://weworkremotely.com/remote-jobs/spinupwp-full-stack-php-developer
java,WordPress Support Engineer,WordPress VIP,https://weworkremotely.com/remote-jobs/wordpress-vip-wordpress-support-engineer
java,Senior Product Engineer (Remote - Anywhere),Dataquest,https://weworkremotely.com/remote-jobs/dataquest-senior-product-engineer-remote-anywhere
java,Senior React Developer,Fluxweave,https://weworkremotely.com/remote-jobs/fluxweave-senior-react-developer
java,Back-end Engineer,We Are Mammoth,https://weworkremotely.com/remote-jobs/we-are-mammoth-back-end-engineer-1
java,Senior Full Stack JavaScript Nomad,"Pathable, Inc.",https://weworkremotely.com/remote-jobs/pathable-inc-senior-full-stack-javascript-nomad
java,Ruby on Rails Developer,Power Home Remodeling,https://weworkremotely.com/remote-jobs/power-home-remodeling-ruby-on-rails-developer
java,Senior Full Stack Javascript Engineer,Localize,https://weworkremotely.com/remote-jobs/localize-senior-full-stack-javascript-engineer
java,Software Engineering Mentor,Springboard,https://weworkremotely.com/remote-jobs/springboard-software-engineering-mentor-1
java,PHP Developer & Support Engineer,Pictureworks,https://weworkremotely.com/remote-jobs/pictureworks-php-developer-support-engineer
java,WordPress Developer,MemberPress,https://weworkremotely.com/remote-jobs/memberpress-wordpress-developer
java,"Mobile Software Engineer, iOS (Swift)",Doximity,https://weworkremotely.com/remote-jobs/doximity-mobile-software-engineer-ios-swift
java,Full Stack Ruby Developer,HR Partner,https://weworkremotely.com/remote-jobs/hr-partner-full-stack-ruby-developer
java,Ruby on Rails Developer (5+ years),Power Home Remodeling,https://weworkremotely.com/remote-jobs/power-home-remodeling-ruby-on-rails-developer-5-years
java,Full Stack Software Engineer,Clipboard Health,https://weworkremotely.com/remote-jobs/clipboard-health-full-stack-software-engineer
java,Senior Platform Developer,Zencastr,https://weworkremotely.com/remote-jobs/zencastr-senior-platform-developer
java,QA Analyst,Doximity,https://weworkremotely.com/remote-jobs/doximity-qa-analyst
java,QA Software Engineer,Bevy,https://weworkremotely.com/remote-jobs/bevy-qa-software-engineer
java,Senior Full-Stack Software Engineer,TaxJar,https://weworkremotely.com/remote-jobs/taxjar-senior-full-stack-software-engineer
java,Senior Go Developer,X-Team,https://weworkremotely.com/remote-jobs/x-team-senior-go-developer
java,Senior Software Engineer (Full Stack Web Developer),Smartbridge AG,https://weworkremotely.com/remote-jobs/smartbridge-ag-senior-software-engineer-full-stack-web-developer
java,Senior full stack developer that likes testing,Replay Poker,https://weworkremotely.com/remote-jobs/replay-poker-senior-full-stack-developer-that-likes-testing-1
java,SENIOR FULL STACK DEVELOPER @ CLARITY.IO,Clarity Movement Co.,https://weworkremotely.com/remote-jobs/clarity-movement-co-senior-full-stack-developer-clarity-io-1
java,Senior Software Engineer - Web Apps,"Brivity, Inc.",https://weworkremotely.com/remote-jobs/brivity-inc-senior-software-engineer-web-apps-1
java,Senior Software Engineer,MemberTraq,https://weworkremotely.com/remote-jobs/membertraq-senior-software-engineer
java,Senior Front-end and UX Focused JavaScript Developer - E-commerce,Drive Commerce,https://weworkremotely.com/remote-jobs/drive-commerce-senior-front-end-and-ux-focused-javascript-developer-e-commerce
java,Senior Full-stack Engineer (Ruby on Rails),RemoteLock,https://weworkremotely.com/remote-jobs/remotelock-senior-full-stack-engineer-ruby-on-rails-1
java,Tech Lead,Clevertech,https://weworkremotely.com/remote-jobs/clevertech-tech-lead-6
java,Full Stack Developer (Python & Vue.js),Unhaggle Inc.,https://weworkremotely.com/remote-jobs/unhaggle-inc-full-stack-developer-python-vue-js-2
java,Sr Software Engineer (Bootstrapped/Ruby on Rails),Printavo,https://weworkremotely.com/remote-jobs/printavo-sr-software-engineer-bootstrapped-ruby-on-rails-1
java,Front End Engineer,Hopin,https://weworkremotely.com/remote-jobs/hopin-front-end-engineer
java,Senior Android/Kotlin Developer,X-Team,https://weworkremotely.com/remote-jobs/x-team-senior-android-kotlin-developer
java,Online Teacher of Software Development,McLaren College,https://weworkremotely.com/remote-jobs/mclaren-college-online-teacher-of-software-development-1
java,.NET/C# Software Developer,Kin,https://weworkremotely.com/remote-jobs/kin-net-c-software-developer
java,Software Developer RoR Engineer,Podomatic Inc,https://weworkremotely.com/remote-jobs/podomatic-inc-software-developer-ror-engineer
java,"Senior Frontend Software Engineer, Mobile (SF Bay Area/Remote)",DroneDeploy,https://weworkremotely.com/remote-jobs/dronedeploy-senior-frontend-software-engineer-mobile-sf-bay-area-remote
java,"Software Engineer, Full Stack",Doximity,https://weworkremotely.com/remote-jobs/doximity-software-engineer-full-stack
java,Senior iOS Developer,X-Team,https://weworkremotely.com/remote-jobs/x-team-senior-ios-developer
java,Senior Backend Engineer - Node.js,Localize,https://weworkremotely.com/remote-jobs/localize-senior-backend-engineer-node-js
java,Senior Frontend Engineer,Shogun,https://weworkremotely.com/remote-jobs/shogun-senior-frontend-engineer
java,Senior Node.js Developer,X-Team,https://weworkremotely.com/remote-jobs/x-team-senior-node-js-developer
java,Senior Software Engineer,"DraftKings, Inc",https://weworkremotely.com/remote-jobs/draftkings-inc-senior-software-engineer
java,"Senior Software Engineer, Web","DraftKings, Inc",https://weworkremotely.com/remote-jobs/draftkings-inc-senior-software-engineer-web
java,Lead Senior Ruby on Rails Developer,BookingSync,https://weworkremotely.com/remote-jobs/bookingsync-lead-senior-ruby-on-rails-developer
java,Ionic Mobile Developer,Clevertech,https://weworkremotely.com/remote-jobs/clevertech-ionic-mobile-developer-1
java,WordPress Technical Support,Awesome Motive Inc.,https://weworkremotely.com/remote-jobs/awesome-motive-inc-wordpress-technical-support-1
java,Support Engineer for fast growing software company,Booster Apps ðŸš€,https://weworkremotely.com/remote-jobs/booster-apps-support-engineer-for-fast-growing-software-company
java,Support Specialist,CartHook,https://weworkremotely.com/remote-jobs/carthook-support-specialist
java,Junior Support Specialist,Leadfeeder,https://weworkremotely.com/remote-jobs/leadfeeder-junior-support-specialist
java,Senior Full Stack Developer,MyVillage,https://weworkremotely.com/remote-jobs/myvillage-senior-full-stack-developer
java,"Software Engineer, Service Reliability",Doximity,https://weworkremotely.com/remote-jobs/doximity-software-engineer-service-reliability
java,SRE & DevOps Consultant,Bitovi,https://weworkremotely.com/remote-jobs/bitovi-sre-devops-consultant
java,Mobile Web Solutions Architect,Power Home Remodeling,https://weworkremotely.com/remote-jobs/power-home-remodeling-mobile-web-solutions-architect
java,Security Engineer,Shogun,https://weworkremotely.com/remote-jobs/shogun-security-engineer
java,Back-end Software Engineer,Wirecutter,https://weworkremotely.com/remote-jobs/wirecutter-back-end-software-engineer
java,Lead Backend Developer/Technical Architect,"mStoner, Inc.",https://weworkremotely.com/remote-jobs/mstoner-inc-lead-backend-developer-technical-architect
java,Product Marketer (B2B SaaS),quintly,https://weworkremotely.com/remote-jobs/quintly-product-marketer-b2b-saas
java,Demand Generation Manager,Chili Piper,https://weworkremotely.com/remote-jobs/chili-piper-demand-generation-manager
java,Experienced Marketing Manager at Growth Agency,Mammoth Growth,https://weworkremotely.com/remote-jobs/mammoth-growth-experienced-marketing-manager-at-growth-agency
java,"Technical Product Manager, API Integrations",ReCharge Payments,https://weworkremotely.com/remote-jobs/recharge-payments-technical-product-manager-api-integrations
java,QA Engineer,Knack,https://weworkremotely.com/remote-jobs/knack-qa-engineer-1
java,Senior Frontend Developer (React),Shogun,https://weworkremotely.com/remote-jobs/shogun-senior-frontend-developer-react
java,Senior Full Stack Ruby on Rails Engineer,"Planet Home, LLC.",https://weworkremotely.com/remote-jobs/planet-home-llc-senior-full-stack-ruby-on-rails-engineer
java,Security Engineer - Remote,Numbrs,https://stackoverflow.com/jobs/170508/security-engineer-remote-numbrs?a=VblYDVmyj5e&so=i&pg=1&offset=0&total=14&so_medium=Internal&so_source=JobSearch&q=java&r=true
java,"Scala Developer To Work on Articles (remote, part-time)",Baeldung,https://stackoverflow.com/jobs/350887/scala-developer-to-work-on-articles-remote-part-baeldung?a=1TFWUOnvgozm&so=i&pg=1&offset=1&total=14&so_medium=Internal&so_source=JobSearch&q=java&r=true
java,Software Architect - Remote,Numbrs,https://stackoverflow.com/jobs/301664/software-architect-remote-numbrs?a=1DasPK2Mhd6w&so=i&pg=1&offset=2&total=14&so_medium=Internal&so_source=JobSearch&q=java&r=true
java,Senior React Native Developer (Remote),X-Team,https://stackoverflow.com/jobs/200538/senior-react-native-developer-remote-x-team?a=15fLf4yLIsfu&so=i&pg=1&offset=3&total=14&so_medium=Internal&so_source=JobSearch&q=java&r=true
java,Engineering Manager - Remote,Numbrs,https://stackoverflow.com/jobs/244993/engineering-manager-remote-numbrs?a=1ka6WhtA95q8&so=i&pg=1&offset=4&total=14&so_medium=Internal&so_source=JobSearch&q=java&r=true
java,QA Automation Engineer (AWS/ Kubernetes): Remote (Global),Modus Create,https://stackoverflow.com/jobs/398159/qa-automation-engineer-aws-kubernetes-remote-modus-create?a=29wS0HflNdcY&so=i&pg=1&offset=5&total=14&so_medium=Internal&so_source=JobSearch&q=java&r=true
java,Software Dev Engineer II,Amazon Fintech,https://stackoverflow.com/jobs/398178/software-dev-engineer-ii-amazon-fintech?a=29xgvkdzTshq&so=i&pg=1&offset=6&total=14&so_medium=Internal&so_source=JobSearch&q=java&r=true
java,Omni Channel Solution Architect,"eTeki, Inc.",https://stackoverflow.com/jobs/302257/omni-channel-solution-architect-eteki-inc?a=1DmNiWfYTqF2&so=i&pg=1&offset=7&total=14&so_medium=Internal&so_source=JobSearch&q=java&r=true
java,Senior iOS Developer (Remote),X-Team,https://stackoverflow.com/jobs/191013/senior-ios-developer-remote-x-team?a=123I0AJB1DMs&so=i&pg=1&offset=8&total=14&so_medium=Internal&so_source=JobSearch&q=java&r=true
java,Senior Android/Kotlin Developer (Remote),X-Team,https://stackoverflow.com/jobs/202666/senior-android-kotlin-developer-remote-x-team?a=15Y0ztmeZGi4&so=i&pg=1&offset=9&total=14&so_medium=Internal&so_source=JobSearch&q=java&r=true
java,Software Dev Engineer III,Amazon Fintech,https://stackoverflow.com/jobs/398177/software-dev-engineer-iii-amazon-fintech?a=29xfdoH2whHi&so=i&pg=1&offset=10&total=14&so_medium=Internal&so_source=JobSearch&q=java&r=true
java,"Senior Tools Programmer, Games",Improbable,https://stackoverflow.com/jobs/397283/senior-tools-programmer-games-improbable?a=29eEHVvOpGJW&so=i&pg=1&offset=11&total=14&so_medium=Internal&so_source=JobSearch&q=java&r=true
java,Data Engineer,Supermercato24,https://stackoverflow.com/jobs/260456/data-engineer-supermercato24?a=1plD2abMjO2Q&so=i&pg=1&offset=12&total=14&so_medium=Internal&so_source=JobSearch&q=java&r=true
java,Senior Data Architect,Lovevery,https://stackoverflow.com/jobs/398911/senior-data-architect-lovevery?a=29MvspU8Pzq0&so=i&pg=1&offset=13&total=14&so_medium=Internal&so_source=JobSearch&q=java&r=true
java,"Backend Software Engineer, PHP (Remote)",Automattic,https://stackoverflow.com/jobs/315815/backend-software-engineer-php-remote-automattic?a=1HUHykcSR9rq&so=i&sec=True&pg=1&offset=0&total=11&so_medium=Internal&so_source=JobSearchSecondaryResults&q=java&r=true
java,Chief Architect (Remote),Impala,https://stackoverflow.com/jobs/375334/chief-architect-remote-impala?a=21Sh8cSr12NO&so=i&sec=True&pg=1&offset=1&total=11&so_medium=Internal&so_source=JobSearchSecondaryResults&q=java&r=true
java,Senior backend go developer,CEL,https://stackoverflow.com/jobs/370764/senior-backend-go-developer-cel?a=20lfw539rlFC&so=i&sec=True&pg=1&offset=2&total=11&so_medium=Internal&so_source=JobSearchSecondaryResults&q=java&r=true
java,"Back-end Node.js Developer (senior position,100% Remote)",Timedoctor.com LLC,https://stackoverflow.com/jobs/396497/back-end-nodejs-developer-senior-position-100-timedoctorcom-llc?a=28YjqF0RoGY0&so=i&sec=True&pg=1&offset=3&total=11&so_medium=Internal&so_source=JobSearchSecondaryResults&q=java&r=true
java,Senior Python Developer (Remote),X-Team,https://stackoverflow.com/jobs/203899/senior-python-developer-remote-x-team?a=16nE6ts5wj2E&so=i&sec=True&pg=1&offset=4&total=11&so_medium=Internal&so_source=JobSearchSecondaryResults&q=java&r=true
java,Senior Drupal Developer (Remote),X-Team,https://stackoverflow.com/jobs/205394/senior-drupal-developer-remote-x-team?a=16SJoz2Peudy&so=i&sec=True&pg=1&offset=5&total=11&so_medium=Internal&so_source=JobSearchSecondaryResults&q=java&r=true
java,Senior React Developer (Remote),X-Team,https://stackoverflow.com/jobs/277612/senior-react-developer-remote-x-team?a=1v6lPPQKBjy0&so=i&sec=True&pg=1&offset=6&total=11&so_medium=Internal&so_source=JobSearchSecondaryResults&q=java&r=true
java,Game Programmer - Join a leading hypercasual studio and work on your own games!,kwalee Ltd,https://stackoverflow.com/jobs/343770/game-programmer-join-a-leading-hypercasual-kwalee-ltd?a=1RhXYwiFdLyw&so=i&sec=True&pg=1&offset=7&total=11&so_medium=Internal&so_source=JobSearchSecondaryResults&q=java&r=true
java,Senior Node.js Developer (Remote),X-Team,https://stackoverflow.com/jobs/197763/senior-nodejs-developer-remote-x-team?a=14k3PndamXqU&so=i&sec=True&pg=1&offset=8&total=11&so_medium=Internal&so_source=JobSearchSecondaryResults&q=java&r=true
java,Senior Angular Developer (Remote),X-Team,https://stackoverflow.com/jobs/289869/senior-angular-developer-remote-x-team?a=1zdd37swis1y&so=i&sec=True&pg=1&offset=9&total=11&so_medium=Internal&so_source=JobSearchSecondaryResults&q=java&r=true
java,Software QA Engineer (Remote),Curotec,https://stackoverflow.com/jobs/397060/software-qa-engineer-remote-curotec?a=29a1e1tUNN2E&so=i&sec=True&pg=1&offset=10&total=11&so_medium=Internal&so_source=JobSearchSecondaryResults&q=java&r=true
java,Java Developer,Immersive Labs,https://remoteok.io/remote-jobs/84082-remote-java-developer-immersive-labs
